{
	"log_id": 5416872176165625817,
	"person_num": 1,
	"person_info": [{
		"body_parts": {
			"nose": {
				"x": 0,
				"y": 0
			},
			"right_knee": {
				"x": 612.6270141601562,
				"y": 1083.941040039062
			},
			"left_hip": {
				"x": 472.1417541503906,
				"y": 782.5752563476562
			},
			"right_ankle": {
				"x": 616.5200805664062,
				"y": 1326.571533203125
			},
			"right_wrist": {
				"x": 733.7608642578125,
				"y": 751.3624877929688
			},
			"right_elbow": {
				"x": 729.5995483398438,
				"y": 583.1618041992188
			},
			"left_knee": {
				"x": 479.8423156738281,
				"y": 1076.207763671875
			},
			"neck": {
				"x": 554.0845336914062,
				"y": 363.854736328125
			},
			"left_elbow": {
				"x": 386.136474609375,
				"y": 579.2903442382812
			},
			"right_shoulder": {
				"x": 690.7384033203125,
				"y": 367.8606567382812
			},
			"left_ankle": {
				"x": 475.9512329101562,
				"y": 1330.572265625
			},
			"right_hip": {
				"x": 620.5248413085938,
				"y": 778.6842651367188
			},
			"left_wrist": {
				"x": 386.1107788085938,
				"y": 759.01025390625
			},
			"left_shoulder": {
				"x": 421.6299438476562,
				"y": 359.9345703125
			}
		},
		"location": {
			"top": 95.0663833618164,
			"left": 290.3709106445312,
			"width": 539.1298217773438,
			"height": 1344.93359375
		}
	}]
}