{
	"log_id":2794948549297815705,
	"person_num":1,
	"person_info":[{
		"body_parts":{
			"nose":{
				"x":515.1702880859375,
				"y":246.5235595703125
			},
			"right_knee":{
				"x":448.7716369628906,
				"y":1052.654541015625
			},
			"left_hip":{
				"x":593.0877685546875,
				"y":778.6761474609375
			},
			"right_ankle":{
				"x":448.7258911132812,
				"y":1299.144409179688
			},
			"right_wrist":{
				"x":354.9649047851562,
				"y":767.0306396484375
			},
			"right_elbow":{
				"x":358.8676147460938,
				"y":602.6433715820312
			},
			"left_knee":{
				"x":577.6353149414062,
				"y":1044.807250976562
			},
			"neck":{
				"x":511.0833129882812,
				"y":418.5899353027344
			},
			"left_elbow":{
				"x":663.3297729492188,
				"y":598.616455078125
			},
			"right_shoulder":{
				"x":390.3969116210938,
				"y":418.5295104980469
			},
			"left_ankle":{
				"x":577.5933837890625,
				"y":1260.0634765625
			},
			"right_hip":{
				"x":452.546630859375,
				"y":774.758056640625
			},
			"left_wrist":{
				"x":686.7601318359375,
				"y":759.0687866210938
			},
			"left_shoulder":{
				"x":616.6817626953125,
				"y":418.5351257324219
			}
		},
		"location":{
			"top":123.8086853027344,
			"left":264.4256591796875,
			"width":512.873779296875,
			"height":1282.184448242188
		}
	}]
}